{"count":1,"gauges":{},"self":543.77303039999993,"total":623.6418436,"children":{"AgentResetIfDone":{"count":45316,"self":0.19461389999999998,"total":0.19461389999999998,"children":null},"AgentSendState":{"count":45316,"self":0.33429329999999996,"total":1.9939372,"children":{"CollectObservations":{"count":90640,"self":1.6596438999999998,"total":1.6596438999999998,"children":null}}},"DecideAction":{"count":45316,"self":74.3821312,"total":75.701229599999991,"children":{"AgentInfo.ToProto":{"count":9064,"self":1.3190967999999998,"total":1.3190967999999998,"children":null}}},"AcademyStep":{"count":45316,"self":0.0719413,"total":0.0719413,"children":null},"AgentAct":{"count":45316,"self":1.9050764,"total":1.9050764999999998,"children":null}}}