{"count":1,"gauges":{},"self":1359.1028735999998,"total":5767.4900882,"children":{"AgentResetIfDone":{"count":2382396,"self":7.8536312,"total":7.8536313,"children":null},"AgentSendState":{"count":2382396,"self":27.0214528,"total":187.25988339999998,"children":{"CollectObservations":{"count":4769475,"self":81.820531199999991,"total":81.8205301,"children":null},"AgentInfo.ToProto":{"count":4769475,"self":20.6848384,"total":78.4179008,"children":{"GenerateSensorData":{"count":4769475,"self":57.733062399999994,"total":57.733062999999994,"children":null}}}}},"DecideAction":{"count":2382396,"self":4111.5987968,"total":4111.598924,"children":null},"AgentAct":{"count":2382396,"self":101.67274239999999,"total":101.6727435,"children":null}}}