{"count":1,"gauges":{},"self":44.0133856,"total":328.34748099999996,"children":{"AgentResetIfDone":{"count":64267,"self":0.268715,"total":0.268715,"children":null},"AgentSendState":{"count":64267,"self":1.1995757,"total":8.253302399999999,"children":{"CollectObservations":{"count":128656,"self":3.6108436,"total":3.6108436,"children":null},"AgentInfo.ToProto":{"count":128656,"self":0.93092449999999993,"total":3.4428831,"children":{"GenerateSensorData":{"count":128656,"self":2.5119586,"total":2.5119586,"children":null}}}}},"DecideAction":{"count":64267,"self":272.02106879999997,"total":272.02106729999997,"children":null},"AgentAct":{"count":64267,"self":3.7890032,"total":3.7890032999999996,"children":null}}}