{"count":1,"gauges":{},"self":81.3311872,"total":95.7655669,"children":{"AgentResetIfDone":{"count":6791,"self":0.024527499999999997,"total":0.024527499999999997,"children":null},"AgentSendState":{"count":6791,"self":0.0658976,"total":0.33611409999999997,"children":{"CollectObservations":{"count":13590,"self":0.27021649999999997,"total":0.27021649999999997,"children":null}}},"DecideAction":{"count":6791,"self":13.48064,"total":13.7423538,"children":{"AgentInfo.ToProto":{"count":1359,"self":0.2617133,"total":0.2617133,"children":null}}},"AcademyStep":{"count":6791,"self":0.0088334,"total":0.0088334,"children":null},"AgentAct":{"count":6791,"self":0.32056419999999997,"total":0.32056419999999997,"children":null}}}