{"count":1,"gauges":{},"self":8.8908384,"total":9.4163745,"children":{"AgentResetIfDone":{"count":660,"self":0.006965,"total":0.006965,"children":null},"AgentSendState":{"count":660,"self":0.024135999999999998,"total":0.08125339999999999,"children":{"CollectObservations":{"count":1320,"self":0.0571174,"total":0.0571174,"children":null}}},"DecideAction":{"count":660,"self":0.3769397,"total":0.3769397,"children":null},"AgentAct":{"count":660,"self":0.0593779,"total":0.0593779,"children":null}}}