{"count":1,"gauges":{},"self":37.513062399999995,"total":43.6438026,"children":{"AgentResetIfDone":{"count":3232,"self":0.051562,"total":0.051562,"children":null},"AgentSendState":{"count":3232,"self":0.0744894,"total":0.36909759999999997,"children":{"CollectObservations":{"count":6470,"self":0.2946082,"total":0.2946082,"children":null}}},"DecideAction":{"count":3232,"self":5.4967988,"total":5.4967988,"children":null},"AcademyStep":{"count":3232,"self":0.0108735,"total":0.0108735,"children":null},"AgentAct":{"count":3232,"self":0.20141109999999998,"total":0.20141109999999998,"children":null}}}